seq	sent_ms	status	error
0	0.012	200	
1	100.493	200	
2	200.682	200	
3	300.990	200	
4	400.160	200	
5	500.407	429	
6	600.846	429	
7	700.343	429	
8	800.869	429	
9	900.353	429	
10	1000.829	200	
11	1100.085	429	
12	1200.530	429	
13	1301.039	429	
14	1400.498	429	
15	1501.052	429	
16	1600.505	429	
17	1701.050	429	
18	1800.546	429	
19	1900.049	429	
20	2000.596	200	
21	2100.919	429	
22	2200.419	429	
23	2300.917	429	
24	2400.421	429	
25	2500.993	429	
26	2600.473	429	
27	2700.920	429	
28	2800.424	429	
29	2900.933	429	
30	3000.418	200	
31	3100.610	429	
32	3200.032	429	
33	3300.402	429	
34	3400.874	429	
35	3500.362	429	
36	3600.888	429	
37	3700.336	429	
38	3800.821	429	
39	3900.412	429	
40	4000.948	200	
41	4100.220	429	
42	4200.791	429	
43	4300.322	429	
44	4400.805	429	
45	4500.342	429	
46	4600.980	429	
47	4700.501	429	
48	4801.023	429	
49	4900.624	429	
50	5000.093	429	
51	5100.558	200	
52	5200.823	429	
53	5300.297	429	
54	5400.828	429	
55	5500.476	429	
56	5600.216	429	
57	5700.606	429	
58	5800.096	429	
59	5900.748	429	
60	6000.323	200	
61	6100.688	429	
62	6200.300	429	
63	6300.838	429	
64	6400.447	429	
65	6500.991	429	
66	6600.546	429	
67	6701.026	429	
68	6800.554	429	
69	6900.048	429	
70	7000.698	200	
71	7101.041	429	
72	7200.552	429	
73	7301.041	429	
74	7400.551	429	
75	7501.062	429	
76	7600.517	429	
77	7700.975	429	
78	7800.440	429	
79	7900.967	429	
80	8000.460	200	
81	8100.742	429	
82	8200.191	429	
83	8300.781	429	
84	8400.330	429	
85	8500.818	429	
86	8600.280	429	
87	8700.745	429	
88	8800.221	429	
89	8900.698	429	
90	9000.085	429	
91	9100.544	200	
92	9200.769	429	
93	9300.283	429	
94	9400.762	429	
95	9500.290	429	
96	9600.769	429	
97	9700.221	429	
98	9800.608	429	
99	9900.100	429	
100	10000.549	200	
101	10100.633	429	
102	10200.046	429	
103	10300.551	429	
104	10401.066	429	
105	10500.530	429	
106	10600.999	429	
107	10700.476	429	
108	10800.993	429	
109	10900.486	429	
110	11000.034	429	
111	11100.617	200	
112	11200.837	429	
113	11300.333	429	
114	11400.898	429	
115	11500.407	429	
116	11600.962	429	
117	11700.423	429	
118	11800.943	429	
119	11900.479	429	
120	12000.996	200	
121	12100.283	429	
122	12200.815	429	
123	12300.321	429	
124	12400.763	429	
125	12500.316	429	
126	12600.874	429	
127	12700.338	429	
128	12800.840	429	
129	12900.310	429	
130	13000.791	200	
131	13100.942	429	
132	13200.341	429	
133	13300.925	429	
134	13400.402	429	
135	13500.940	429	
136	13600.424	429	
137	13700.915	429	
138	13800.486	429	
139	13901.010	429	
140	14000.495	200	
141	14100.741	429	
142	14200.108	429	
143	14300.552	429	
144	14401.005	429	
145	14500.507	429	
146	14600.983	429	
147	14700.432	429	
148	14801.023	429	
149	14900.606	429	
150	15000.054	429	
151	15100.549	200	
152	15200.802	429	
153	15300.333	429	
154	15400.862	429	
155	15500.389	429	
156	15600.989	429	
157	15700.436	429	
158	15800.988	429	
159	15900.544	429	
160	16001.044	200	
161	16100.265	429	
162	16200.741	429	
163	16300.110	429	
164	16400.559	429	
165	16500.055	429	
166	16600.609	429	
167	16701.043	429	
168	16800.552	429	
169	16900.082	429	
170	17000.595	200	
171	17100.830	429	
172	17200.262	429	
173	17300.747	429	
174	17400.249	429	
175	17500.884	429	
176	17600.519	429	
177	17700.016	429	
178	17800.487	429	
179	17900.974	429	
180	18000.457	200	
181	18100.625	429	
182	18200.072	429	
183	18300.545	429	
184	18401.056	429	
185	18500.545	429	
186	18600.971	429	
187	18700.359	429	
188	18800.882	429	
189	18900.413	429	
190	19000.965	200	
191	19100.062	429	
192	19200.548	429	
193	19301.049	429	
194	19400.500	429	
195	19501.042	429	
196	19600.548	429	
197	19700.985	429	
198	19800.520	429	
199	19900.117	429	
200	20000.621	200	
201	20100.861	429	
202	20200.460	429	
203	20301.065	429	
204	20400.510	429	
205	20501.022	429	
206	20600.541	429	
207	20700.014	429	
208	20800.555	429	
209	20900.029	429	
210	21000.602	200	
211	21100.752	429	
212	21200.088	429	
213	21300.515	429	
214	21401.063	429	
215	21500.553	429	
216	21600.177	429	
217	21700.610	429	
218	21800.232	429	
219	21900.623	429	
220	22000.167	429	
221	22100.602	200	
222	22200.876	429	
223	22300.370	429	
224	22400.838	429	
225	22500.382	429	
226	22600.983	429	
227	22700.363	429	
228	22800.824	429	
229	22900.342	429	
230	23000.945	200	
231	23100.168	429	
232	23200.780	429	
233	23300.227	429	
234	23400.699	429	
235	23500.261	429	
236	23600.917	429	
237	23700.364	429	
238	23800.947	429	
239	23900.437	429	
240	24000.985	200	
241	24100.189	429	
242	24200.664	429	
243	24300.122	429	
244	24400.610	429	
245	24500.024	429	
246	24600.486	429	
247	24700.971	429	
248	24800.528	429	
249	24901.060	429	
250	25000.615	200	
251	25100.729	429	
252	25200.210	429	
253	25300.634	429	
254	25400.183	429	
255	25500.680	429	
256	25600.065	429	
257	25700.549	429	
258	25800.967	429	
259	25900.430	429	
260	26000.912	200	
261	26101.055	429	
262	26200.462	429	
263	26300.974	429	
264	26400.448	429	
265	26500.090	429	
266	26600.719	429	
267	26700.299	429	
268	26800.884	429	
269	26900.455	429	
270	27000.953	200	
271	27101.040	429	
272	27200.415	429	
273	27300.881	429	
274	27400.376	429	
275	27500.917	429	
276	27600.383	429	
277	27700.790	429	
278	27800.355	429	
279	27901.024	429	
280	28000.557	200	
281	28100.992	429	
282	28200.444	429	
283	28300.950	429	
284	28400.413	429	
285	28500.984	429	
286	28600.433	429	
287	28700.868	429	
288	28800.373	429	
289	28900.918	429	
290	29000.502	200	
291	29100.794	429	
292	29200.325	429	
293	29300.886	429	
294	29400.355	429	
295	29500.867	429	
296	29600.489	429	
297	29700.024	429	
298	29800.607	429	
299	29900.270	429	
