t_s	status	version
0.000	200	1
0.050	200	1
0.100	200	1
0.150	200	1
0.200	200	1
0.250	200	1
0.300	200	1
0.350	200	1
0.400	200	1
0.450	200	1
0.500	200	1
0.550	200	1
0.600	200	1
0.650	200	1
0.700	200	1
0.750	200	1
0.800	200	1
0.850	200	1
0.900	200	1
0.950	200	1
1.000	200	1
1.050	200	1
1.100	200	1
1.150	200	1
1.200	200	1
1.250	200	1
1.300	200	1
1.350	200	1
1.400	200	1
1.450	200	1
1.500	200	1
1.550	200	1
1.600	200	1
1.650	200	1
1.700	200	1
1.750	200	1
1.800	200	1
1.850	200	1
1.900	200	1
1.950	200	1
2.000	200	1
2.050	200	1
2.100	200	1
2.150	200	1
2.200	200	1
2.250	200	1
2.300	200	1
2.350	200	1
2.400	200	1
2.450	200	1
2.500	200	1
2.550	200	1
2.600	200	1
2.650	200	1
2.700	200	1
2.750	200	1
2.800	200	1
2.850	200	1
2.900	200	1
2.950	200	1
3.000	200	1
3.050	200	1
3.100	200	1
3.150	200	1
3.200	200	1
3.250	200	1
3.300	200	1
3.350	200	1
3.400	200	1
3.450	200	1
3.500	200	1
3.550	200	1
3.600	200	1
3.650	200	1
3.700	200	1
3.750	200	1
3.800	200	1
3.850	200	1
3.900	200	1
3.950	200	1
4.000	200	1
4.050	200	1
4.100	200	1
4.150	200	1
4.200	200	1
4.250	200	1
4.300	200	1
4.350	200	1
4.400	200	1
4.450	200	1
4.500	200	1
4.550	200	1
4.600	200	1
4.650	200	1
4.700	200	1
4.750	200	1
4.800	200	1
4.850	200	1
4.900	200	1
4.950	200	1
5.000	200	1
5.050	200	1
5.100	200	1
5.150	200	1
5.200	200	1
5.250	200	1
5.300	200	1
5.350	200	1
5.400	200	1
5.450	200	1
5.500	200	1
5.550	200	1
5.600	200	1
5.650	200	1
5.700	200	1
5.750	200	1
5.800	200	1
5.850	200	1
5.900	200	1
5.950	200	1
6.000	200	1
6.050	200	1
6.100	200	1
6.150	200	1
6.200	200	1
6.250	200	1
6.300	200	1
6.350	200	1
6.400	200	1
6.450	200	1
6.500	200	1
6.550	200	1
6.600	200	1
6.650	200	1
6.700	200	1
6.750	200	1
6.800	200	1
6.850	200	1
6.900	200	1
6.950	200	1
7.000	200	1
7.050	200	1
7.100	200	1
7.150	200	1
7.200	200	1
7.250	200	1
7.300	200	1
7.350	200	1
7.400	200	1
7.450	200	1
7.500	200	1
7.550	200	1
7.600	200	1
7.650	200	1
7.700	200	1
7.750	200	1
7.800	200	1
7.850	200	1
7.900	200	1
7.950	200	1
8.000	200	1
8.050	200	1
8.100	200	1
8.150	200	1
8.200	200	1
8.250	200	1
8.300	200	1
8.350	200	1
8.400	200	1
8.450	200	1
8.500	200	1
8.550	200	1
8.600	200	1
8.650	200	1
8.700	200	1
8.750	200	1
8.800	200	1
8.850	200	1
8.900	200	1
8.950	200	1
9.000	200	1
9.050	200	1
9.100	200	1
9.150	200	1
9.200	200	1
9.250	200	1
9.300	200	1
9.350	200	1
9.400	200	1
9.450	200	1
9.500	200	1
9.550	200	1
9.600	200	1
9.650	200	1
9.700	200	1
9.750	200	1
9.800	200	1
9.850	200	1
9.900	200	1
9.950	200	1
10.000	200	1
10.050	200	1
10.100	200	1
10.150	200	1
10.200	200	1
10.250	200	1
10.300	200	1
10.350	200	1
10.400	200	1
10.450	200	1
10.500	200	1
10.550	200	1
10.600	200	1
10.650	200	1
10.700	200	1
10.750	200	1
10.800	200	1
10.850	200	1
10.900	200	1
10.950	200	1
11.000	200	1
11.050	200	1
11.100	200	1
11.150	200	1
11.200	200	1
11.250	200	1
11.300	200	1
11.350	200	1
11.400	200	1
11.450	200	1
11.500	200	1
11.550	200	1
11.600	200	1
11.650	200	1
11.700	200	1
11.750	200	1
11.800	200	1
11.850	200	1
11.900	200	1
11.950	200	1
12.000	200	1
12.050	200	1
12.100	200	1
12.150	200	1
12.200	200	1
12.250	200	1
12.300	200	1
12.350	200	1
12.400	200	1
12.450	200	1
12.500	200	1
12.550	200	1
12.600	200	1
12.650	200	1
12.700	200	1
12.750	200	1
12.800	200	1
12.850	200	1
12.900	200	1
12.950	200	1
13.000	200	1
13.050	200	1
13.100	200	1
13.150	200	1
13.200	200	1
13.250	200	1
13.300	200	1
13.350	200	1
13.401	200	1
13.450	200	1
13.500	200	1
13.550	200	1
13.600	200	1
13.650	200	1
13.700	200	1
13.750	200	1
13.800	200	1
13.850	200	1
13.900	200	1
13.950	200	1
14.000	200	1
14.050	200	1
14.100	200	1
14.150	200	1
14.200	200	1
14.250	200	1
14.300	200	1
14.350	200	1
14.400	200	1
14.450	200	1
14.500	200	1
14.550	200	1
14.600	200	1
14.650	200	1
14.700	200	1
14.750	200	1
14.800	200	1
14.850	200	1
14.900	200	1
14.950	200	1
15.000	200	1
15.050	200	1
15.100	200	1
15.150	200	1
15.200	200	1
15.250	200	1
15.300	200	1
15.350	200	1
15.400	200	1
15.450	200	1
15.500	200	1
15.550	200	1
15.600	200	1
15.650	200	1
15.700	200	1
15.750	200	1
15.800	200	1
15.850	200	1
15.900	200	1
15.950	200	1
16.000	200	1
16.050	200	1
16.100	200	1
16.150	200	1
16.200	200	1
16.250	200	1
16.300	200	1
16.350	200	1
16.400	200	1
16.450	200	1
16.500	200	1
16.550	200	1
16.600	200	1
16.650	200	1
16.700	200	1
16.750	200	1
16.800	200	1
16.850	200	1
16.900	200	1
16.950	200	1
17.000	200	1
17.050	200	1
17.100	200	1
17.150	200	1
17.200	200	1
17.250	200	1
17.300	200	1
17.350	200	1
17.400	200	1
17.450	200	1
17.500	200	1
17.550	200	1
17.600	200	1
17.650	200	1
17.700	200	1
17.750	200	1
17.800	200	1
17.850	200	1
17.900	200	1
17.950	200	1
18.000	200	1
18.050	200	1
18.100	200	1
18.150	200	1
18.200	200	1
18.250	200	1
18.300	200	1
18.350	200	1
18.400	200	1
18.450	200	1
18.500	200	1
18.550	200	1
18.600	200	1
18.650	200	1
18.700	200	1
18.750	200	1
18.800	200	1
18.850	200	1
18.900	200	1
18.950	200	1
19.000	200	1
19.050	200	1
19.100	200	1
19.150	200	1
19.200	200	1
19.250	200	1
19.300	200	1
19.350	200	1
19.400	200	1
19.450	200	1
19.500	200	1
19.550	200	1
19.600	200	1
19.650	200	1
19.700	200	1
19.750	200	1
19.800	200	1
19.850	200	1
19.900	200	1
19.950	200	1
20.000	200	1
20.050	200	1
20.100	200	1
20.150	200	1
20.200	200	1
20.250	200	1
20.300	200	1
20.350	200	1
20.400	200	1
20.450	200	1
20.500	200	1
20.550	200	1
20.600	200	1
20.650	200	1
20.700	200	1
20.750	200	1
20.800	200	1
20.850	200	1
20.900	200	1
20.950	200	1
21.000	200	1
21.050	200	1
21.100	200	1
21.150	200	1
21.200	200	1
21.250	200	1
21.300	200	1
21.350	200	1
21.400	200	1
21.450	200	1
21.500	200	1
21.550	200	1
21.600	200	1
21.650	200	1
21.700	200	1
21.750	200	1
21.800	200	1
21.850	200	1
21.900	200	1
21.950	200	1
22.000	200	1
22.050	200	1
22.100	200	1
22.150	200	1
22.200	200	1
22.250	200	1
22.300	200	1
22.350	200	1
22.400	200	1
22.450	200	1
22.500	200	1
22.550	200	1
22.600	200	1
22.650	200	1
22.700	200	1
22.750	200	1
22.800	200	1
22.850	200	1
22.900	200	1
22.950	200	1
23.000	200	1
23.050	200	1
23.100	200	1
23.150	200	1
23.200	200	1
23.250	200	1
23.300	200	1
23.350	200	1
23.400	200	1
23.450	200	1
23.500	200	1
23.550	200	1
23.600	200	1
23.650	200	1
23.700	200	1
23.750	200	1
23.800	200	1
23.850	200	1
23.900	200	1
23.950	200	1
24.000	200	1
24.050	200	1
24.100	200	1
24.150	200	1
24.200	200	1
24.250	200	1
24.300	200	1
24.350	200	1
24.400	200	1
24.450	200	1
24.500	200	1
24.550	200	1
24.600	200	1
24.650	200	1
24.700	200	1
24.750	200	1
24.800	200	1
24.850	200	1
24.900	200	1
24.950	200	1
25.000	200	1
25.050	200	1
25.100	200	1
25.150	200	1
25.200	200	1
25.250	200	1
25.300	200	1
25.350	200	1
25.400	200	1
25.450	200	1
25.500	200	1
25.550	200	1
25.600	200	1
25.650	200	1
25.700	200	1
25.750	200	1
25.800	200	1
25.850	200	1
25.900	200	1
25.950	200	1
26.000	200	1
26.050	200	1
26.100	200	1
26.150	200	1
26.200	200	1
26.250	200	1
26.300	200	1
26.350	200	1
26.400	200	1
26.450	200	1
26.500	200	1
26.550	200	1
26.600	200	1
26.650	200	1
26.700	200	1
26.750	200	1
26.800	200	1
26.850	200	1
26.900	200	1
26.950	200	1
27.000	200	1
27.050	200	1
27.100	200	1
27.150	200	1
27.200	200	1
27.250	200	1
27.300	200	1
27.350	200	1
27.400	200	1
27.450	200	1
27.500	200	1
27.550	200	1
27.600	200	1
27.650	200	1
27.700	200	1
27.750	200	1
27.800	200	1
27.850	200	1
27.900	200	1
27.950	200	1
28.000	200	1
28.050	200	1
28.100	200	1
28.150	200	1
28.200	200	1
28.250	200	1
28.300	200	1
28.350	200	1
28.400	200	1
28.450	200	1
28.500	200	1
28.550	200	1
28.600	200	1
28.650	200	1
28.700	200	1
28.750	200	1
28.800	200	1
28.850	200	1
28.900	200	1
28.950	200	1
29.000	200	1
29.050	200	1
29.100	200	1
29.150	200	1
29.200	200	1
29.250	200	1
29.300	200	1
29.350	200	1
29.400	200	1
29.450	200	1
29.500	200	1
29.550	200	1
29.600	200	1
29.650	200	1
29.700	200	1
29.750	200	1
29.800	200	1
29.850	200	1
29.900	200	1
29.950	200	1
30.000	200	1
30.050	200	1
30.100	200	1
30.150	200	1
30.200	200	1
30.250	200	1
30.300	200	1
30.350	200	1
30.400	200	1
30.450	200	1
30.500	200	1
30.550	200	1
30.600	200	1
30.650	200	1
30.700	200	1
30.750	200	1
30.800	200	1
30.850	200	1
30.900	200	1
30.950	200	1
31.000	200	1
31.050	200	1
31.100	200	1
31.150	200	1
31.200	200	1
31.250	200	1
31.300	200	1
31.350	200	1
31.400	200	1
31.450	200	1
31.500	200	1
31.550	200	1
31.600	200	1
31.650	200	1
31.700	200	1
31.750	200	1
31.800	200	1
31.850	200	1
31.900	200	1
31.950	200	1
32.000	200	1
32.050	200	1
32.100	200	1
32.150	200	1
32.200	200	1
32.250	200	1
32.300	200	1
32.350	200	1
32.400	200	1
32.450	200	1
32.500	200	1
32.550	200	1
32.600	200	1
32.650	200	1
32.700	200	1
32.750	200	1
32.800	200	1
32.850	200	1
32.900	200	1
32.950	200	1
33.000	200	1
33.050	200	1
33.100	200	1
33.150	200	1
33.200	200	1
33.250	200	1
33.300	200	1
33.350	200	1
33.400	200	1
33.450	200	1
33.500	200	1
33.550	200	1
33.600	200	1
33.650	200	1
33.700	200	1
33.750	200	1
33.800	200	1
33.850	200	1
33.900	200	1
33.950	200	1
34.000	200	1
34.050	200	1
34.100	200	1
34.150	200	1
34.200	200	1
34.250	200	1
34.300	200	1
34.350	200	1
34.400	200	1
34.450	200	1
34.500	200	1
34.550	200	1
34.600	200	1
34.650	200	1
34.700	200	1
34.750	200	1
34.800	200	1
34.850	200	1
34.900	200	1
34.950	200	1
35.000	200	1
35.050	200	1
35.100	200	1
35.150	200	1
35.200	200	1
35.250	200	1
35.300	200	1
35.350	200	1
35.400	200	1
35.450	200	1
35.500	200	1
35.550	200	1
35.600	200	1
35.650	200	1
35.700	200	1
35.750	200	1
35.800	200	1
35.850	200	1
35.900	200	1
35.950	200	1
36.000	200	1
36.050	200	1
36.100	200	1
36.150	200	1
36.200	200	1
36.250	200	1
36.300	200	1
36.350	200	1
36.400	200	1
36.450	200	1
36.500	200	1
36.550	200	1
36.600	200	1
36.650	200	1
36.700	200	1
36.750	200	1
36.800	200	1
36.850	200	1
36.900	200	1
36.950	200	1
37.000	200	1
37.050	200	1
37.100	200	1
37.150	200	1
37.200	200	1
37.250	200	1
37.300	200	1
37.350	200	1
37.400	200	1
37.450	200	1
37.500	200	1
37.550	200	1
37.600	200	1
37.650	200	1
37.700	200	1
37.750	200	1
37.800	200	1
37.850	200	1
37.900	200	1
37.950	200	1
38.000	200	1
38.050	200	1
38.100	200	1
38.150	200	1
38.200	200	1
38.250	200	1
38.300	200	1
38.350	200	1
38.400	200	1
38.450	200	1
38.500	200	1
38.550	200	1
38.600	200	1
38.650	200	1
38.700	200	1
38.750	200	1
38.800	200	1
38.850	200	1
38.900	200	1
38.950	200	1
39.000	200	1
39.050	200	1
39.100	200	1
39.150	200	1
39.200	200	1
39.250	200	1
39.300	200	1
39.350	200	1
39.400	200	1
39.450	200	1
39.500	200	1
39.550	200	1
39.600	200	1
39.650	200	1
39.700	200	1
39.750	200	1
39.800	200	1
39.850	200	1
39.900	200	1
39.950	200	1
40.000	200	1
40.050	200	1
40.100	200	1
40.150	200	1
40.200	200	1
40.250	200	1
40.300	200	1
40.350	200	1
40.400	200	1
40.450	200	1
40.500	200	1
40.550	200	1
40.600	200	1
40.650	200	1
40.700	200	1
40.750	200	1
40.800	200	1
40.850	200	1
40.900	200	1
40.950	200	1
41.000	200	1
41.050	200	1
41.100	200	1
41.150	200	1
41.200	200	1
41.250	200	1
41.300	200	1
41.350	200	1
41.400	200	1
41.450	200	1
41.500	200	1
41.550	200	1
41.600	200	1
41.650	200	1
41.700	200	1
41.750	200	1
41.800	200	1
41.850	200	1
41.900	200	1
41.950	200	1
42.000	200	1
42.050	200	1
42.100	200	1
42.150	200	1
42.200	200	1
42.250	200	1
42.300	200	1
42.350	200	1
42.400	200	1
42.450	200	1
42.500	200	1
42.550	200	1
42.600	200	1
42.650	200	1
42.700	200	1
42.750	200	1
42.800	200	1
42.850	200	1
42.900	200	1
42.950	200	1
43.000	200	1
43.050	200	1
43.100	200	1
43.150	200	1
43.200	200	1
43.250	200	1
43.300	200	1
43.350	200	1
43.400	200	1
43.450	200	1
43.500	200	1
43.550	200	1
43.600	200	1
43.650	200	1
43.700	200	1
43.750	200	1
43.800	200	1
43.850	200	1
43.900	200	1
43.950	200	1
44.000	200	1
44.050	200	1
44.100	200	1
44.150	200	1
44.200	200	1
44.250	200	1
44.300	200	1
44.350	200	1
44.400	200	1
44.450	200	1
44.500	200	1
44.550	200	1
44.600	200	1
44.650	200	1
44.700	200	1
44.750	200	1
44.800	200	1
44.850	200	1
44.900	200	1
44.950	200	1
45.000	200	1
45.050	200	1
45.100	200	1
45.150	200	1
45.200	200	1
45.250	200	1
45.300	200	1
45.350	200	1
45.400	200	1
45.450	200	1
45.500	200	1
45.550	200	1
45.600	200	1
45.650	200	1
45.700	200	1
45.750	200	1
45.800	200	1
45.850	200	1
45.900	200	1
45.950	200	1
46.000	200	1
46.050	200	1
46.100	200	1
46.150	200	1
46.200	200	1
46.250	200	1
46.300	200	1
46.350	200	1
46.400	200	1
46.450	200	1
46.500	200	1
46.550	200	1
46.600	200	1
46.650	200	1
46.700	200	1
46.750	200	1
46.800	200	1
46.850	200	1
46.900	200	1
46.950	200	1
47.000	200	1
47.050	200	1
47.100	200	1
47.150	200	1
47.200	200	1
47.250	200	1
47.300	200	1
47.350	200	1
47.400	200	1
47.450	200	1
47.500	200	1
47.550	200	1
47.600	200	1
47.650	200	1
47.700	200	1
47.750	200	1
47.800	200	1
47.850	200	1
47.900	200	1
47.950	200	1
48.000	200	1
48.050	200	1
48.100	200	1
48.150	200	1
48.200	200	1
48.250	200	1
48.300	200	1
48.350	200	1
48.400	200	1
48.450	200	1
48.500	200	1
48.550	200	1
48.600	200	1
48.650	200	1
48.700	200	1
48.750	200	1
48.800	200	1
48.850	200	1
48.900	200	1
48.950	200	1
49.000	200	1
49.050	200	1
49.100	200	1
49.150	200	1
49.200	200	1
49.250	200	1
49.300	200	1
49.350	200	1
49.400	200	1
49.450	200	1
49.500	200	1
49.550	200	1
49.600	200	1
49.650	200	1
49.700	200	1
49.750	200	1
49.800	200	1
49.850	200	1
49.900	200	1
49.950	200	1
50.000	200	1
50.050	200	1
50.100	200	1
50.150	200	1
50.200	200	1
50.250	200	1
50.300	200	1
50.350	200	1
50.400	200	1
50.450	200	1
50.500	200	1
50.550	200	1
50.600	200	1
50.650	200	1
50.700	200	1
50.750	200	1
50.800	200	1
50.850	200	1
50.900	200	1
50.950	200	1
51.000	200	1
51.050	200	1
51.100	200	1
51.150	200	1
51.200	200	1
51.250	200	1
51.300	200	1
51.350	200	1
51.400	200	1
51.450	200	1
51.500	200	1
51.550	200	1
51.600	200	1
51.650	200	1
51.700	200	1
51.750	200	1
51.800	200	1
51.850	200	1
51.900	200	1
51.950	200	1
52.000	200	1
52.050	200	1
52.100	200	1
52.150	200	1
52.200	200	1
52.250	200	1
52.300	200	1
52.350	200	1
52.400	200	1
52.450	200	1
52.500	200	1
52.550	200	1
52.600	200	1
52.650	200	1
52.700	200	1
52.750	200	1
52.800	200	1
52.850	200	1
52.900	200	1
52.950	200	1
53.000	200	1
53.050	200	1
53.100	200	1
53.150	200	1
53.200	200	1
53.250	200	1
53.300	200	1
53.350	200	1
53.400	200	1
53.450	200	1
53.500	200	1
53.550	200	1
53.600	200	1
53.650	200	1
53.700	200	1
53.750	200	1
53.800	200	1
53.850	200	1
53.900	200	1
53.950	200	1
54.000	200	1
54.050	200	1
54.100	200	1
54.150	200	1
54.200	200	1
54.250	200	1
54.300	200	1
54.350	200	1
54.400	200	1
54.450	200	1
54.500	200	1
54.550	200	1
54.600	200	1
54.650	200	1
54.700	200	1
54.750	200	1
54.800	200	1
54.850	200	1
54.900	200	1
54.950	200	1
55.000	200	1
55.050	200	1
55.100	200	1
55.150	200	1
55.200	200	1
55.250	200	1
55.300	200	1
55.350	200	1
55.400	200	1
55.450	200	1
55.500	200	1
55.550	200	1
55.600	200	1
55.650	200	1
55.700	200	1
55.750	200	1
55.800	200	1
55.850	200	1
55.900	200	1
55.950	200	1
56.000	200	1
56.050	200	1
56.100	200	1
56.150	200	1
56.200	200	1
56.250	200	1
56.300	200	1
56.350	200	1
56.400	200	1
56.450	200	1
56.500	200	1
56.550	200	1
56.600	200	1
56.650	200	1
56.700	200	1
56.750	200	1
56.800	200	1
56.850	200	1
56.900	200	1
56.950	200	1
57.000	200	1
57.050	200	1
57.100	200	1
57.150	200	1
57.200	200	1
57.250	200	1
57.300	200	1
57.350	200	1
57.400	200	1
57.450	200	1
57.500	200	1
57.550	200	1
57.600	200	1
57.650	200	1
57.700	200	1
57.750	200	1
57.800	200	1
57.850	200	1
57.900	200	1
57.950	200	1
58.000	200	1
58.050	200	1
58.100	200	1
58.150	200	1
58.200	200	1
58.250	200	1
58.300	200	1
58.350	200	1
58.400	200	1
58.450	200	1
58.500	200	1
58.550	200	1
58.600	200	1
58.650	200	1
58.700	200	1
58.750	200	1
58.800	200	1
58.850	200	1
58.900	200	1
58.950	200	1
59.000	200	1
59.050	200	1
59.100	200	1
59.150	200	1
59.200	200	1
59.250	200	1
59.300	200	1
59.350	200	1
59.400	200	1
59.450	200	1
59.500	200	1
59.550	200	1
59.600	200	1
59.650	200	1
59.700	200	1
59.750	200	1
59.800	200	1
59.850	200	1
59.900	200	1
59.950	200	1
60.000	200	1
60.050	200	1
60.100	200	1
60.150	200	1
60.200	200	1
60.250	200	1
60.300	200	1
60.350	200	1
60.400	200	1
60.450	200	1
60.500	200	1
60.550	200	1
60.600	200	1
60.650	200	1
60.700	200	1
60.750	200	1
60.800	200	1
60.850	200	1
60.900	200	1
60.950	200	1
61.000	200	1
61.050	200	1
61.100	200	1
61.150	200	1
61.200	200	1
61.250	200	1
61.300	200	1
61.350	200	1
61.400	200	1
61.450	200	1
61.500	200	1
61.550	200	1
61.600	200	1
61.650	200	1
61.700	200	1
61.750	200	1
61.800	200	1
61.850	200	1
61.900	200	1
61.950	200	1
62.000	200	1
62.050	200	1
62.100	200	1
62.150	200	1
62.200	200	1
62.250	200	1
62.300	200	1
62.350	200	1
62.400	200	1
62.450	200	1
62.500	200	1
62.550	200	1
62.600	200	1
62.650	200	1
62.700	200	1
62.750	200	1
62.800	200	1
62.850	200	1
62.900	200	1
62.950	200	1
63.000	200	1
63.050	200	1
63.100	200	1
63.150	200	1
63.200	200	1
63.250	200	1
63.300	200	1
63.350	200	1
63.400	200	1
63.450	200	1
63.500	200	1
63.550	200	1
63.600	200	1
63.650	200	1
63.700	200	1
63.750	200	1
63.800	200	1
63.850	200	1
63.900	200	1
63.950	200	1
64.000	200	1
64.050	200	1
64.100	200	1
64.150	200	1
64.200	200	1
64.250	200	1
64.300	200	1
64.350	200	1
64.400	200	1
64.450	200	1
64.500	200	1
64.550	200	1
64.600	200	1
64.650	200	1
64.700	200	1
64.750	200	1
64.800	200	1
64.850	200	1
64.900	200	1
64.950	200	1
65.000	200	1
65.050	200	1
65.100	200	1
65.150	200	1
65.200	200	1
65.250	200	1
65.300	200	1
65.350	200	1
65.400	200	1
65.450	200	1
65.500	200	1
65.550	200	1
65.600	200	1
65.650	200	1
65.700	200	1
65.750	200	1
65.800	200	1
65.850	200	1
65.900	200	1
65.950	200	1
66.000	200	1
66.050	200	1
66.100	200	1
66.150	200	1
66.200	200	1
66.250	200	1
66.300	200	1
66.350	200	1
66.400	200	1
66.450	200	1
66.500	200	1
66.550	200	1
66.600	200	1
66.650	200	1
66.700	200	1
66.750	200	1
66.800	200	1
66.850	200	1
66.900	200	1
66.950	200	1
67.000	200	1
67.050	200	1
67.100	200	1
67.150	200	1
67.200	200	1
67.250	200	1
67.300	200	1
67.350	200	1
67.400	200	1
67.450	200	1
67.500	200	1
67.550	200	1
67.600	200	1
67.650	200	1
67.700	200	1
67.750	200	1
67.800	200	1
67.850	200	1
67.900	200	1
67.950	200	1
68.000	200	1
68.050	200	1
68.100	200	1
68.150	200	1
68.200	200	1
68.250	200	1
68.300	200	1
68.350	200	1
68.400	200	1
68.450	200	1
68.500	200	1
68.550	200	1
68.600	200	1
68.650	200	1
68.700	200	1
68.750	200	1
68.800	200	1
68.850	200	1
68.900	200	1
68.950	200	1
69.000	200	1
69.050	200	1
69.100	200	1
69.150	200	1
69.200	200	1
69.250	200	1
69.300	200	1
69.350	200	1
69.400	200	1
69.450	200	1
69.500	200	1
69.550	200	1
69.600	200	1
69.650	200	1
69.700	200	1
69.750	200	1
69.800	200	1
69.850	200	1
69.900	200	1
69.950	200	1
70.000	200	1
70.050	200	1
70.100	200	1
70.150	200	1
70.200	200	1
70.250	200	1
70.300	200	1
70.350	200	1
70.400	200	1
70.450	200	1
70.500	200	1
70.550	200	1
70.600	200	1
70.650	200	1
70.700	200	1
70.750	200	1
70.800	200	1
70.850	200	1
70.900	200	1
70.950	200	1
71.000	200	1
71.050	200	1
71.100	200	1
71.150	200	1
71.200	200	1
71.250	200	1
71.300	200	1
71.350	200	1
71.400	200	1
71.450	200	1
71.500	200	1
71.550	200	1
71.600	200	1
71.650	200	1
71.700	200	1
71.750	200	1
71.800	200	1
71.850	200	1
71.900	200	1
71.950	200	1
72.000	200	1
72.050	200	1
72.100	200	1
72.150	200	1
72.200	200	1
72.250	200	1
72.300	200	1
72.350	200	1
72.400	200	1
72.450	200	1
72.500	200	1
72.550	200	1
72.600	200	1
72.650	200	1
72.700	200	1
72.750	200	1
72.800	200	1
72.850	200	1
72.900	200	1
72.950	200	1
73.000	200	1
73.050	200	1
73.100	200	1
73.150	200	1
73.200	200	1
73.250	200	1
73.300	200	1
73.350	200	1
73.400	200	1
73.450	200	1
73.500	200	1
73.550	200	1
73.600	200	1
73.650	200	1
73.700	200	1
73.750	200	1
73.800	200	1
73.850	200	1
73.900	200	1
73.950	200	1
74.000	200	1
74.050	200	1
74.100	200	1
74.150	200	1
74.200	200	1
74.250	200	1
74.300	200	1
74.350	200	1
74.400	200	1
74.450	200	1
74.500	200	1
74.550	200	1
74.600	200	1
74.650	200	1
74.700	200	1
74.750	200	1
74.800	200	1
74.850	200	1
74.900	200	1
74.950	200	1
75.000	200	1
75.050	200	1
75.100	200	1
75.150	200	1
75.200	200	1
75.250	200	1
75.300	200	1
75.350	200	1
75.400	200	1
75.450	200	1
75.500	200	1
75.550	200	1
75.600	200	1
75.650	200	1
75.700	200	1
75.750	200	2
75.800	200	1
75.850	200	1
75.900	200	2
75.950	200	1
76.000	200	1
76.050	200	1
76.100	200	1
76.150	200	2
76.200	200	1
76.250	200	1
76.300	200	1
76.350	200	2
76.400	200	1
76.450	200	2
76.500	200	1
76.550	200	2
76.600	200	1
76.650	200	2
76.700	200	1
76.750	200	1
76.800	200	2
76.850	200	2
76.900	200	2
76.950	200	2
77.000	200	2
77.050	200	2
77.100	200	2
77.150	200	2
77.200	200	2
77.250	200	2
77.300	200	2
77.350	200	2
77.400	200	2
77.450	200	2
77.500	200	2
77.550	200	2
77.600	200	2
77.650	200	2
77.700	200	2
77.750	200	2
77.800	200	2
77.850	200	2
77.900	200	2
77.950	200	2
78.000	200	2
78.050	200	2
78.100	200	2
78.150	200	2
78.200	200	2
78.250	200	2
78.300	200	2
78.350	200	2
78.400	200	2
78.450	200	2
78.500	200	2
78.550	200	2
78.600	200	2
78.650	200	2
78.700	200	2
78.750	200	2
78.800	200	2
78.850	200	2
78.900	200	2
78.950	200	2
79.000	200	2
79.050	200	2
79.100	200	2
79.150	200	2
79.200	200	2
79.250	200	2
79.300	200	2
79.350	200	2
79.400	200	2
79.450	200	2
79.500	200	2
79.550	200	2
79.600	200	2
79.650	200	2
79.700	200	2
79.750	200	2
79.800	200	2
79.850	200	2
79.900	200	2
79.950	200	2
80.000	200	2
80.050	200	2
80.100	200	2
80.150	200	2
80.200	200	2
80.250	200	2
80.300	200	2
80.350	200	2
80.400	200	2
80.450	200	2
80.500	200	2
80.550	200	2
80.600	200	2
80.650	200	2
80.700	200	2
80.750	200	2
80.800	200	2
80.850	200	2
80.900	200	2
80.950	200	2
81.000	200	2
81.050	200	2
81.100	200	2
81.150	200	2
81.200	200	2
81.250	200	2
81.300	200	2
81.350	200	2
81.400	200	2
81.450	200	2
81.500	200	2
81.550	200	2
81.600	200	2
81.650	200	2
81.700	200	2
81.750	200	2
81.800	200	2
81.850	200	2
81.900	200	2
81.950	200	2
82.000	200	2
82.050	200	2
82.100	200	2
82.150	200	2
82.200	200	2
82.250	200	2
82.300	200	2
82.350	200	2
82.400	200	2
82.450	200	2
82.500	200	2
82.550	200	2
82.600	200	2
82.650	200	2
82.700	200	2
82.750	200	2
82.800	200	2
82.850	200	2
82.900	200	2
82.950	200	2
83.000	200	2
83.050	200	2
83.100	200	2
83.150	200	2
83.200	200	2
83.250	200	2
83.300	200	2
83.350	200	2
83.400	200	2
83.450	200	2
83.500	200	2
83.550	200	2
83.600	200	2
83.650	200	2
83.700	200	2
83.750	200	2
83.800	200	2
83.850	200	2
83.900	200	2
83.950	200	2
84.000	200	2
84.050	200	2
84.100	200	2
84.150	200	2
84.200	200	2
84.250	200	2
84.300	200	2
84.350	200	2
84.400	200	2
84.450	200	2
84.500	200	2
84.550	200	2
84.600	200	2
84.650	200	2
84.700	200	2
84.750	200	2
84.800	200	2
84.850	200	2
84.900	200	2
84.950	200	2
85.000	200	2
85.050	200	2
85.100	200	2
85.150	200	2
85.200	200	2
85.250	200	2
85.300	200	2
85.350	200	2
85.400	200	2
85.450	200	2
85.500	200	2
85.550	200	2
85.600	200	2
85.650	200	2
85.700	200	2
85.750	200	2
85.800	200	2
