t_s	done_s	status	version
0.000	0.006	200	1
0.050	0.051	200	1
0.100	0.101	200	1
0.150	0.151	200	1
0.200	0.201	200	1
0.250	0.251	200	1
0.300	0.301	200	1
0.350	0.351	200	1
0.400	0.401	200	1
0.450	0.451	200	1
0.500	0.501	200	1
0.550	0.551	200	1
0.600	0.601	200	1
0.650	0.651	200	1
0.700	0.701	200	1
0.750	0.751	200	1
0.800	0.801	200	1
0.850	0.851	200	1
0.900	0.901	200	1
0.950	0.951	200	1
1.000	1.001	200	1
1.050	1.051	200	1
1.100	1.101	200	1
1.150	1.151	200	1
1.200	1.201	200	1
1.250	1.251	200	1
1.300	1.301	200	1
1.350	1.351	200	1
1.400	1.401	200	1
1.450	1.451	200	1
1.500	1.501	200	1
1.550	1.551	200	1
1.600	1.601	200	1
1.650	1.651	200	1
1.700	1.701	200	1
1.750	1.751	200	1
1.800	1.801	200	1
1.850	1.851	200	1
1.900	1.901	200	1
1.950	1.951	200	1
2.000	2.001	200	1
2.050	2.051	200	1
2.100	2.101	200	1
2.150	2.151	200	1
2.200	2.201	200	1
2.250	2.251	200	1
2.300	2.301	200	1
2.350	2.351	200	1
2.400	2.401	200	1
2.450	2.451	200	1
2.500	2.501	200	1
2.550	2.551	200	1
2.600	2.601	200	1
2.650	2.651	200	1
2.700	2.701	200	1
2.750	2.751	200	1
2.800	2.801	200	1
2.850	2.851	200	1
2.900	2.901	200	1
2.950	2.951	200	1
3.000	3.001	200	1
3.050	3.051	200	1
3.100	3.101	200	1
3.150	3.151	200	1
3.200	3.201	200	1
3.250	3.251	200	1
3.300	3.301	200	1
3.350	3.351	200	1
3.400	3.401	200	1
3.450	3.451	200	1
3.500	3.501	200	1
3.550	3.551	200	1
3.600	3.601	200	1
3.650	3.651	200	1
3.700	3.701	200	1
3.750	3.751	200	1
3.800	3.801	200	1
3.850	3.851	200	1
3.900	3.901	200	1
3.950	3.951	200	1
4.000	4.001	200	1
4.050	4.051	200	1
4.100	4.101	200	1
4.150	4.151	200	1
4.200	4.201	200	1
4.250	4.251	200	1
4.300	4.301	200	1
4.350	4.351	200	1
4.400	4.401	200	1
4.450	4.451	200	1
4.500	4.501	200	1
4.550	4.551	200	1
4.600	4.601	200	1
4.650	4.651	200	1
4.700	4.701	200	1
4.750	4.751	200	1
4.800	4.801	200	1
4.850	4.851	200	1
4.900	4.901	200	1
4.950	4.951	200	1
5.000	5.001	200	1
5.050	5.051	200	1
5.100	5.101	200	1
5.150	5.151	200	1
5.200	5.201	200	1
5.250	5.251	200	1
5.300	5.301	200	1
5.350	5.351	200	1
5.400	5.401	200	1
5.450	5.451	200	1
5.500	5.501	200	1
5.550	5.551	200	1
5.600	5.601	200	1
5.650	5.651	200	1
5.700	5.701	200	1
5.750	5.751	200	1
5.800	5.801	200	1
5.850	5.851	200	1
5.900	5.901	200	1
5.950	5.951	200	1
6.000	6.001	200	1
6.050	6.051	200	1
6.100	6.101	200	1
6.150	6.151	200	1
6.200	6.201	200	1
6.250	6.251	200	1
6.300	6.301	200	1
6.350	6.351	200	1
6.400	6.401	200	1
6.450	6.451	200	1
6.500	6.501	200	1
6.550	6.551	200	1
6.600	6.601	200	1
6.650	6.651	200	1
6.700	6.701	200	1
6.750	6.751	200	1
6.800	6.801	200	1
6.850	6.851	200	1
6.900	6.901	200	1
6.950	6.951	200	1
7.000	7.001	200	1
7.050	7.051	200	1
7.100	7.101	200	1
7.150	7.151	200	1
7.200	7.201	200	1
7.250	7.251	200	1
7.300	7.301	200	1
7.350	7.351	200	1
7.400	7.401	200	1
7.450	7.451	200	1
7.500	7.501	200	1
7.550	7.551	200	1
7.600	7.601	200	1
7.650	7.651	200	1
7.700	7.701	200	1
7.750	7.751	200	1
7.800	7.801	200	1
7.850	7.851	200	1
7.900	7.901	200	1
7.950	7.951	200	1
8.000	8.001	200	1
8.050	8.051	200	1
8.100	8.101	200	1
8.150	8.151	200	1
8.200	8.201	200	1
8.250	8.251	200	1
8.300	8.301	200	1
8.350	8.351	200	1
8.400	8.401	200	1
8.450	8.451	200	1
8.500	8.501	200	1
8.550	8.551	200	1
8.600	8.601	200	1
8.650	8.651	200	1
8.700	8.701	200	1
8.750	8.751	200	1
8.800	8.801	200	1
8.850	8.851	200	1
8.900	8.901	200	1
8.950	8.951	200	1
9.000	9.001	200	1
9.050	9.051	200	1
9.100	9.101	200	1
9.150	9.151	200	1
9.200	9.201	200	1
9.250	9.251	200	1
9.300	9.301	200	1
9.350	9.351	200	1
9.400	9.401	200	1
9.450	9.451	200	1
9.500	9.501	200	1
9.550	9.551	200	1
9.600	9.601	200	1
9.650	9.651	200	1
9.700	9.701	200	1
9.750	9.751	200	1
9.800	9.801	200	1
9.850	9.851	200	1
9.900	9.901	200	1
9.950	9.951	200	1
10.000	10.001	200	1
10.050	10.051	200	1
10.100	10.101	200	1
10.150	10.151	200	1
10.200	10.201	200	1
10.250	10.251	200	1
10.300	10.301	200	1
10.350	10.351	200	1
10.400	10.401	200	1
10.450	10.451	200	1
10.500	10.501	200	1
10.550	10.551	200	1
10.600	10.601	200	1
10.650	10.651	200	1
10.700	10.701	200	1
10.750	10.751	200	1
10.800	10.801	200	1
10.850	10.851	200	1
10.900	10.901	200	1
10.950	10.951	200	1
11.000	11.001	200	1
11.050	11.051	200	1
11.100	11.101	200	1
11.150	11.151	200	1
11.200	11.201	200	1
11.250	11.251	200	1
11.300	11.301	200	1
11.350	11.351	200	1
11.400	11.401	200	1
11.450	11.451	200	1
11.500	11.501	200	1
11.550	11.551	200	1
11.600	11.601	200	1
11.650	11.651	200	1
11.700	11.701	200	1
11.750	11.751	200	1
11.800	11.801	200	1
11.850	11.851	200	1
11.900	11.901	200	1
11.950	11.951	200	1
12.000	12.001	200	1
12.050	12.051	200	1
12.100	12.101	200	1
12.150	12.151	200	1
12.200	12.201	200	1
12.250	12.251	200	1
12.300	12.301	200	1
12.350	12.351	200	1
12.400	12.401	200	1
12.450	12.451	200	1
12.500	12.501	200	1
12.550	12.551	200	1
12.600	12.601	200	1
12.650	12.651	200	1
12.700	12.701	200	1
12.750	12.751	200	1
12.800	12.801	200	1
12.850	12.851	200	1
12.900	12.901	200	1
12.950	12.951	200	1
13.000	13.001	200	1
13.050	13.051	200	1
13.100	13.101	200	1
13.150	13.151	200	1
13.200	13.201	200	1
13.250	13.251	200	1
13.300	13.301	200	1
13.350	13.351	200	1
13.400	13.401	200	1
13.450	13.451	200	1
13.500	13.501	200	1
13.550	13.551	200	1
13.600	13.601	200	1
13.650	13.651	200	1
13.700	13.701	200	1
13.750	13.751	200	1
13.800	13.801	200	1
13.850	13.851	200	1
13.900	13.901	200	1
13.950	13.951	200	1
14.000	14.001	200	1
14.050	14.051	200	1
14.100	14.101	200	1
14.150	14.151	200	1
14.200	14.201	200	1
14.250	14.251	200	1
14.300	14.301	200	1
14.350	14.351	200	1
14.400	14.401	200	1
14.450	14.451	200	1
14.500	14.501	200	1
14.550	14.551	200	1
14.600	14.601	200	1
14.650	14.651	200	1
14.700	14.701	200	1
14.750	14.751	200	1
14.800	14.801	200	1
14.850	14.851	200	1
14.900	14.901	200	1
14.950	14.951	200	1
15.000	15.001	200	1
15.050	15.051	200	1
15.100	15.101	200	1
15.150	15.151	200	1
15.200	15.201	200	1
15.250	15.251	200	1
15.300	15.301	200	1
15.350	15.351	200	1
15.400	15.401	200	1
15.450	15.451	200	1
15.500	15.501	200	1
15.550	15.551	200	1
15.600	15.601	200	1
15.650	15.651	200	1
15.700	15.701	200	1
15.750	15.751	200	1
15.800	15.801	200	1
15.850	15.851	200	2
15.900	15.901	200	1
15.950	15.951	200	2
16.000	16.001	200	2
16.050	16.051	200	1
16.100	16.101	200	1
16.150	16.151	200	2
16.200	16.201	200	2
16.250	16.251	200	1
16.300	16.301	200	1
16.350	16.351	200	1
16.400	16.401	200	2
16.450	16.451	200	2
16.500	16.501	200	2
16.550	16.551	200	2
16.600	16.601	200	2
16.650	16.651	200	1
16.700	16.701	200	2
16.750	16.751	200	1
16.800	16.801	200	1
16.850	16.851	200	1
16.900	16.901	200	2
16.950	16.951	200	2
17.000	17.001	200	2
17.050	17.051	200	2
17.100	17.101	200	2
17.150	17.151	200	2
17.200	17.201	200	2
17.250	17.251	200	2
17.300	17.301	200	2
17.350	17.351	200	2
17.400	17.401	200	2
17.450	17.451	200	2
17.500	17.501	200	2
17.550	17.551	200	2
17.600	17.601	200	2
17.650	17.651	200	2
17.700	17.701	200	2
17.750	17.751	200	2
17.800	17.801	200	2
17.850	17.851	200	2
17.900	17.901	200	2
17.950	17.951	200	2
18.000	18.001	200	2
18.050	18.051	200	2
18.100	18.101	200	2
18.150	18.151	200	2
18.200	18.201	200	2
18.250	18.251	200	2
18.300	18.301	200	2
18.350	18.351	200	2
18.400	18.401	200	2
18.450	18.451	200	2
18.500	18.501	200	2
18.550	18.551	200	2
18.600	18.601	200	2
18.650	18.651	200	2
18.700	18.701	200	2
18.750	18.751	200	2
18.800	18.801	200	2
18.850	18.851	200	2
18.900	18.901	200	2
18.950	18.951	200	2
19.000	19.001	200	2
19.050	19.051	200	2
19.100	19.101	200	2
19.150	19.151	200	2
19.200	19.201	200	2
19.250	19.251	200	2
19.300	19.301	200	2
19.350	19.351	200	2
19.400	19.401	200	2
19.450	19.451	200	2
19.500	19.501	200	2
19.550	19.551	200	2
19.600	19.601	200	2
19.650	19.651	200	2
19.700	19.701	200	2
19.750	19.751	200	2
19.800	19.801	200	2
19.850	19.851	200	2
19.900	19.901	200	2
19.950	19.951	200	2
20.000	20.001	200	2
20.050	20.051	200	2
20.100	20.101	200	2
20.150	20.151	200	2
20.200	20.201	200	2
20.250	20.251	200	2
20.300	20.301	200	2
20.350	20.351	200	2
20.400	20.401	200	2
20.450	20.451	200	2
20.500	20.501	200	2
20.550	20.551	200	2
20.600	20.601	200	2
20.650	20.651	200	2
20.700	20.701	200	2
20.750	20.751	200	2
20.800	20.801	200	2
20.850	20.851	200	2
20.900	20.901	200	2
20.950	20.951	200	2
21.000	21.001	200	2
21.050	21.051	200	2
21.100	21.101	200	2
21.150	21.151	200	2
21.200	21.201	200	2
21.250	21.251	200	2
21.300	21.301	200	2
21.350	21.351	200	2
21.400	21.401	200	2
21.450	21.451	200	2
21.500	21.501	200	2
21.550	21.551	200	2
21.600	21.601	200	2
21.650	21.651	200	2
21.700	21.701	200	2
21.750	21.751	200	2
21.800	21.801	200	2
21.850	21.851	200	2
21.900	21.901	200	2
21.950	21.951	200	2
22.000	22.001	200	2
22.050	22.051	200	2
22.100	22.101	200	2
22.150	22.151	200	2
22.200	22.201	200	2
22.250	22.251	200	2
22.300	22.301	200	2
22.350	22.351	200	2
22.400	22.401	200	2
22.450	22.451	200	2
22.500	22.501	200	2
22.550	22.551	200	2
22.600	22.601	200	2
22.650	22.651	200	2
22.700	22.701	200	2
22.750	22.751	200	2
22.800	22.801	200	2
22.850	22.851	200	2
22.900	22.901	200	2
22.950	22.951	200	2
23.000	23.001	200	2
23.050	23.051	200	2
23.100	23.101	200	2
23.150	23.151	200	2
23.200	23.201	200	2
23.250	23.251	200	2
23.300	23.301	200	2
23.350	23.351	200	2
23.400	23.401	200	2
23.450	23.451	200	2
23.500	23.501	200	2
23.550	23.551	200	2
23.600	23.601	200	2
23.650	23.651	200	2
23.700	23.702	200	2
23.750	23.751	200	2
23.800	23.801	200	2
23.850	23.851	200	2
23.900	23.901	200	2
23.950	23.951	200	2
24.000	24.001	200	2
24.050	24.051	200	2
24.100	24.101	200	2
24.150	24.151	200	2
24.200	24.201	200	2
24.250	24.251	200	2
24.300	24.301	200	2
24.350	24.351	200	2
24.400	24.401	200	2
24.450	24.451	200	2
24.500	24.501	200	2
24.550	24.551	200	2
24.600	24.601	200	2
24.650	24.651	200	2
24.700	24.701	200	2
24.750	24.751	200	2
24.800	24.801	200	2
24.850	24.851	200	2
24.900	24.901	200	2
24.950	24.951	200	2
25.000	25.001	200	2
25.050	25.051	200	2
25.100	25.101	200	2
25.150	25.151	200	2
25.200	25.201	200	2
25.250	25.251	200	2
25.300	25.301	200	2
25.350	25.351	200	2
25.400	25.401	200	2
25.450	25.451	200	2
25.500	25.501	200	2
25.550	25.551	200	2
25.600	25.601	200	2
25.650	25.651	200	2
25.700	25.701	200	2
25.750	25.751	200	2
25.800	25.801	200	2
25.850	25.851	200	2
25.900	25.901	200	2
25.950	25.951	200	2
26.000	26.001	200	2
26.050	26.051	200	2
26.100	26.101	200	2
26.150	26.151	200	2
26.200	26.201	200	2
26.250	26.251	200	2
26.300	26.301	200	2
26.350	26.351	200	2
26.400	26.401	200	2
26.450	26.451	200	2
26.500	26.501	200	2
26.550	26.551	200	2
26.600	26.601	200	2
26.650	26.651	200	2
26.700	26.701	200	2
26.750	26.751	200	2
26.800	26.801	200	2
26.850	26.851	200	2
26.900	26.901	200	2
26.950	26.951	200	2
27.000	27.001	200	2
27.050	27.051	200	2
27.100	27.101	200	2
27.150	27.151	200	2
27.200	27.201	200	2
27.250	27.251	200	2
27.300	27.301	200	2
27.350	27.351	200	2
27.400	27.401	200	2
27.450	27.451	200	2
27.500	27.501	200	2
27.550	27.551	200	2
27.600	27.601	200	2
27.650	27.651	200	2
27.700	27.701	200	2
27.750	27.751	200	2
27.800	27.801	200	2
27.850	27.851	200	2
27.900	27.901	200	2
27.950	27.951	200	2
28.000	28.001	200	2
28.050	28.051	200	2
28.100	28.101	200	2
28.150	28.151	200	2
28.200	28.201	200	2
28.250	28.251	200	2
28.300	28.301	200	2
28.350	28.351	200	2
28.400	28.401	200	2
28.450	28.451	200	2
28.500	28.501	200	2
28.550	28.551	200	2
28.600	28.601	200	2
28.650	28.651	200	2
28.700	28.701	200	2
28.750	28.751	200	2
28.800	28.801	200	2
28.850	28.851	200	2
28.900	28.901	200	2
28.950	28.951	200	2
29.000	29.001	200	2
29.050	29.051	200	2
29.100	29.101	200	2
29.150	29.151	200	2
29.200	29.201	200	2
29.250	29.251	200	2
29.300	29.301	200	2
29.350	29.351	200	2
29.400	29.401	200	2
29.450	29.451	200	2
29.500	29.501	200	2
29.550	29.551	200	2
29.600	29.601	200	2
29.650	29.651	200	2
29.700	29.701	200	2
29.750	29.751	200	2
29.800	29.801	200	2
29.850	29.851	200	2
29.900	29.901	200	2
29.950	29.951	200	2
30.000	30.001	200	2
30.050	30.051	200	2
30.100	30.101	200	2
30.150	30.151	200	2
30.200	30.201	200	2
30.250	30.251	200	2
30.300	30.301	200	2
30.350	30.351	200	2
30.400	30.401	200	2
30.450	30.451	200	2
30.500	30.501	200	2
30.550	30.551	200	2
30.600	30.601	200	2
30.650	30.651	200	2
30.700	30.701	200	2
30.750	30.751	200	2
30.800	30.801	200	2
30.850	30.851	200	2
30.900	30.901	200	2
30.950	30.951	200	2
31.000	31.001	200	2
31.050	31.051	200	2
31.100	31.101	200	2
31.150	31.151	200	2
31.200	31.201	200	2
31.250	31.251	200	2
31.300	31.301	200	2
31.350	31.351	200	2
31.400	31.401	200	2
31.450	31.451	200	2
31.500	31.501	200	2
31.550	31.551	200	2
31.600	31.601	200	2
31.650	31.651	200	2
31.700	31.701	200	2
31.750	31.751	200	2
31.800	31.801	200	2
31.850	31.851	200	2
31.900	31.901	200	2
31.950	31.951	200	2
32.000	32.001	200	2
32.050	32.051	200	2
32.100	32.101	200	2
32.150	32.151	200	2
32.200	32.201	200	2
32.250	32.251	200	2
32.300	32.301	200	2
32.350	32.351	200	2
32.400	32.401	200	2
32.450	32.451	200	2
32.500	32.501	200	2
32.550	32.551	200	2
32.600	32.601	200	2
32.650	32.651	200	2
32.700	32.701	200	2
32.750	32.751	200	2
32.800	32.801	200	2
32.850	32.851	200	2
32.900	32.901	200	2
32.950	32.951	200	2
33.000	33.001	200	2
33.050	33.051	200	2
33.100	33.101	200	2
33.150	33.151	200	2
33.200	33.201	200	2
33.250	33.251	200	2
33.300	33.301	200	2
33.350	33.351	200	2
33.400	33.401	200	2
33.450	33.451	200	2
33.500	33.501	200	2
33.550	33.551	200	2
33.600	33.601	200	2
33.650	33.651	200	2
33.700	33.701	200	2
33.750	33.751	200	2
33.800	33.801	200	2
33.850	33.851	200	2
33.900	33.901	200	2
33.950	33.951	200	2
34.000	34.001	200	2
34.050	34.051	200	2
34.100	34.101	200	2
34.150	34.151	200	2
34.200	34.201	200	2
34.250	34.251	200	2
34.300	34.301	200	2
34.350	34.351	200	2
34.400	34.401	200	2
34.450	34.451	200	2
34.500	34.501	200	2
34.550	34.551	200	2
34.600	34.601	200	2
34.650	34.651	200	2
34.700	34.701	200	2
34.750	34.751	200	2
34.800	34.801	200	2
34.850	34.851	200	2
34.900	34.901	200	2
34.950	34.951	200	2
35.000	35.001	200	2
35.050	35.051	200	2
35.100	35.101	200	2
35.150	35.151	200	2
35.200	35.201	200	2
35.250	35.251	200	2
35.300	35.301	200	2
35.350	35.351	200	2
35.400	35.401	200	2
35.450	35.451	200	2
35.500	35.501	200	2
35.550	35.551	200	2
35.600	35.601	200	2
35.650	35.651	200	2
35.700	35.701	200	2
35.750	35.751	200	2
35.800	35.801	200	2
35.850	35.851	200	2
35.900	35.901	200	2
35.950	35.951	200	2
36.000	36.001	200	2
36.050	36.051	200	2
36.100	36.101	200	2
36.150	36.151	200	2
36.200	36.201	200	2
36.250	36.251	200	2
36.300	36.301	200	2
36.350	36.351	200	2
36.400	36.401	200	2
36.450	36.451	200	2
36.500	36.501	200	2
36.550	36.551	200	2
36.600	36.601	200	2
36.650	36.651	200	2
36.700	36.701	200	2
36.750	36.751	200	2
36.800	36.801	200	2
36.850	36.851	200	2
36.900	36.901	200	1
36.950	36.951	200	1
37.000	37.001	200	1
37.050	37.051	200	2
37.100	37.101	200	1
37.150	37.151	200	2
37.200	37.201	200	1
37.250	37.251	200	1
37.300	37.301	200	1
37.350	37.351	200	1
37.400	37.401	200	2
37.450	37.451	200	1
37.500	37.501	200	2
37.550	37.551	200	1
37.600	37.601	200	2
37.650	37.651	200	2
37.700	37.701	200	2
37.750	37.751	200	1
37.800	37.801	200	2
37.850	37.851	200	2
37.900	37.901	200	1
37.950	37.951	200	1
38.000	38.001	200	1
38.050	38.051	200	1
38.100	38.101	200	1
38.150	38.151	200	1
38.200	38.201	200	1
38.250	38.251	200	1
38.300	38.301	200	1
38.350	38.351	200	1
38.400	38.401	200	1
38.450	38.451	200	1
38.500	38.501	200	1
38.550	38.551	200	1
38.600	38.601	200	1
38.650	38.651	200	1
38.700	38.701	200	1
38.750	38.751	200	1
38.800	38.801	200	1
38.850	38.851	200	1
38.900	38.901	200	1
38.950	38.951	200	1
39.000	39.001	200	1
39.050	39.051	200	1
39.100	39.101	200	1
39.150	39.151	200	1
39.200	39.201	200	1
39.250	39.251	200	1
39.300	39.301	200	1
39.350	39.351	200	1
39.400	39.401	200	1
39.450	39.451	200	1
39.500	39.501	200	1
39.550	39.551	200	1
39.600	39.601	200	1
39.650	39.651	200	1
39.700	39.701	200	1
39.750	39.751	200	1
39.800	39.801	200	1
39.850	39.851	200	1
39.900	39.901	200	1
39.950	39.951	200	1
40.000	40.001	200	1
40.050	40.051	200	1
40.100	40.101	200	1
40.150	40.151	200	1
40.200	40.201	200	1
40.250	40.251	200	1
40.300	40.301	200	1
40.350	40.351	200	1
40.400	40.401	200	1
40.450	40.451	200	1
40.500	40.501	200	1
40.550	40.551	200	1
40.600	40.601	200	1
40.650	40.651	200	1
40.700	40.701	200	1
40.750	40.751	200	1
40.800	40.801	200	1
40.850	40.851	200	1
40.900	40.901	200	1
40.950	40.951	200	1
41.000	41.001	200	1
41.050	41.051	200	1
41.100	41.101	200	1
41.150	41.151	200	1
41.200	41.201	200	1
41.250	41.251	200	1
41.300	41.301	200	1
41.350	41.351	200	1
41.400	41.401	200	1
41.450	41.451	200	1
41.500	41.501	200	1
41.550	41.551	200	1
41.600	41.601	200	1
41.650	41.651	200	1
41.700	41.701	200	1
41.750	41.751	200	1
41.800	41.801	200	1
41.850	41.851	200	1
41.900	41.901	200	1
41.950	41.951	200	1
42.000	42.001	200	1
42.050	42.051	200	1
42.100	42.101	200	1
42.150	42.151	200	1
42.200	42.201	200	1
42.250	42.251	200	1
42.300	42.301	200	1
42.350	42.351	200	1
42.400	42.401	200	1
42.450	42.451	200	1
42.500	42.501	200	1
42.550	42.551	200	1
42.600	42.601	200	1
42.650	42.651	200	1
42.700	42.701	200	1
42.750	42.751	200	1
42.800	42.801	200	1
42.850	42.851	200	1
42.900	42.901	200	1
42.950	42.951	200	1
43.000	43.001	200	1
43.050	43.051	200	1
43.100	43.101	200	1
43.150	43.151	200	1
43.200	43.201	200	1
43.250	43.251	200	1
43.300	43.301	200	1
43.350	43.351	200	1
43.400	43.401	200	1
43.450	43.451	200	1
43.500	43.501	200	1
43.550	43.551	200	1
43.600	43.601	200	1
43.650	43.651	200	1
43.700	43.701	200	1
43.750	43.751	200	1
43.800	43.801	200	1
43.850	43.851	200	1
43.900	43.901	200	1
43.950	43.951	200	1
44.000	44.001	200	1
44.050	44.051	200	1
44.100	44.101	200	1
44.150	44.151	200	1
44.200	44.201	200	1
44.250	44.251	200	1
44.300	44.301	200	1
44.350	44.351	200	1
44.400	44.401	200	1
44.450	44.451	200	1
44.500	44.501	200	1
44.550	44.551	200	1
44.600	44.601	200	1
44.650	44.651	200	1
44.700	44.701	200	1
44.750	44.751	200	1
44.800	44.801	200	1
44.850	44.851	200	1
44.900	44.901	200	1
44.950	44.951	200	1
45.000	45.001	200	1
45.050	45.051	200	1
45.100	45.101	200	1
45.150	45.151	200	1
45.200	45.201	200	1
45.250	45.251	200	1
45.300	45.301	200	1
45.350	45.351	200	1
45.400	45.401	200	1
45.450	45.451	200	1
45.500	45.501	200	1
45.550	45.551	200	1
45.600	45.601	200	1
45.650	45.651	200	1
45.700	45.701	200	1
45.750	45.751	200	1
45.800	45.801	200	1
45.850	45.851	200	1
45.900	45.901	200	1
45.950	45.951	200	1
46.000	46.001	200	1
46.050	46.051	200	1
46.100	46.101	200	1
46.150	46.151	200	1
46.200	46.201	200	1
46.250	46.251	200	1
46.300	46.301	200	1
46.350	46.351	200	1
46.400	46.401	200	1
46.450	46.451	200	1
46.500	46.501	200	1
46.550	46.551	200	1
46.600	46.601	200	1
46.650	46.651	200	1
46.700	46.701	200	1
46.750	46.751	200	1
46.800	46.801	200	1
46.850	46.851	200	1
