arm	rep	stub_served	delete_s	pods_before	pods_after
R1-fresh	1	34		gateway-66fb87c49d-k7s76=1 	gateway-66fb87c49d-k7s76=35 
R2-fresh	1	68		gateway-66fb87c49d-k7s76=35 gateway-66fb87c49d-trbzw=0 	gateway-66fb87c49d-k7s76=69 gateway-66fb87c49d-trbzw=34 
R2-pinned	1	34		gateway-66fb87c49d-k7s76=69 gateway-66fb87c49d-trbzw=34 	gateway-66fb87c49d-k7s76=69 gateway-66fb87c49d-trbzw=68 
R1-restart	1	29	15.009	gateway-66fb87c49d-k7s76=69 	gateway-66fb87c49d-vgsf7=9 
R1-fresh	2	34		gateway-66fb87c49d-vgsf7=9 	gateway-66fb87c49d-vgsf7=43 
R2-fresh	2	68		gateway-66fb87c49d-h74mc=0 gateway-66fb87c49d-vgsf7=43 	gateway-66fb87c49d-h74mc=34 gateway-66fb87c49d-vgsf7=77 
R2-pinned	2	34		gateway-66fb87c49d-h74mc=34 gateway-66fb87c49d-vgsf7=77 	gateway-66fb87c49d-h74mc=34 gateway-66fb87c49d-vgsf7=111 
R1-restart	2	28	15.009	gateway-66fb87c49d-h74mc=34 	gateway-66fb87c49d-7x5kd=6 
R1-fresh	3	34		gateway-66fb87c49d-7x5kd=6 	gateway-66fb87c49d-7x5kd=40 
R2-fresh	3	67		gateway-66fb87c49d-2cn5x=0 gateway-66fb87c49d-7x5kd=40 	gateway-66fb87c49d-2cn5x=33 gateway-66fb87c49d-7x5kd=74 
R2-pinned	3	34		gateway-66fb87c49d-2cn5x=33 gateway-66fb87c49d-7x5kd=74 	gateway-66fb87c49d-2cn5x=33 gateway-66fb87c49d-7x5kd=108 
R1-restart	3	29	15.009	gateway-66fb87c49d-7x5kd=108 	gateway-66fb87c49d-47zlw=9 
