cell	arm	rep	outcome	start_utc	end_utc	elapsed_s	cum_s	cells_done
1	R1	1	completed	2026-10-08T23:54:23Z	2026-10-09T00:08:15Z	832	0	0
2	prospective	1	completed	2026-10-09T00:08:33Z	2026-10-09T00:17:51Z	558	850	1
3	off	1	completed	2026-10-09T00:18:10Z	2026-10-09T00:27:17Z	547	1427	2
4	prospective	2	completed	2026-10-09T00:27:36Z	2026-10-09T00:36:43Z	547	1993	3
5	off	2	completed	2026-10-09T00:37:02Z	2026-10-09T00:46:08Z	546	2559	4
6	R1	2	completed	2026-10-09T00:46:28Z	2026-10-09T00:55:34Z	546	3125	5
7	off	3	completed	2026-10-09T00:55:53Z	2026-10-09T01:05:03Z	550	3690	6
8	R1	3	completed	2026-10-09T01:05:22Z	2026-10-09T01:14:29Z	547	4259	7
9	prospective	3	completed	2026-10-09T01:14:49Z	2026-10-09T01:23:45Z	536	4826	8
